"","ResidNe","Chain","ResidNr","iCode","D_Phob.A.2","D_Phil.A.2","D_SASA.A.2"
"il36ra_A-il36ra_B.2","GLY","A",5,"-",7.68,12.56,20.24
"il36ra_A-il36ra_B.3","ALA","A",6,"-",6.63,2.74,9.37
"il36ra_A-il36ra_B.4","LEU","A",7,"-",22.54,1.58,24.11
"il36ra_A-il36ra_B.6","PHE","A",9,"-",5.81,0,5.8
"il36ra_A-il36ra_B.7","ARG","A",10,"-",0,0.28,0.28
"il36ra_A-il36ra_B.9","LYS","A",12,"-",7.58,6.77,14.35
"il36ra_A-il36ra_B.12","ALA","A",15,"-",0.19,0.97,1.16
"il36ra_A-il36ra_B.13","LEU","A",16,"-",54.05,0,54.05
"il36ra_A-il36ra_B.14","LYS","A",17,"-",1.36,3.12,4.48
"il36ra_A-il36ra_B.17","TYR","A",20,"-",1.75,2.61,4.36
"il36ra_A-il36ra_B.18","LEU","A",21,"-",0,0.69,0.68
"il36ra_A-il36ra_B.19","HIS","A",22,"-",42.85,24.66,67.5
"il36ra_A-il36ra_B.20","ASN","A",23,"-",2.56,6.16,8.73
"il36ra_A-il36ra_B.24","LEU","A",27,"-",0.14,0,0.15
"il36ra_A-il36ra_B.27","GLY","A",30,"-",0.92,0.03,0.95
"il36ra_A-il36ra_B.28","LEU","A",31,"-",27.19,12.67,39.86
"il36ra_A-il36ra_B.29","HIS","A",32,"-",69.9,48.5,118.4
"il36ra_A-il36ra_B.30","ALA","A",33,"-",22.14,13.05,35.19
"il36ra_A-il36ra_B.31","GLY","A",34,"-",32.76,17.45,50.21
"il36ra_A-il36ra_B.32","LYS","A",35,"-",0.4,1.27,1.67
"il36ra_A-il36ra_B.33","VAL","A",36,"-",8.79,0,8.78
"il36ra_A-il36ra_B.34","ILE","A",37,"-",5.75,0,5.75
"il36ra_A-il36ra_B.41","VAL","A",44,"-",4.18,5.4,9.58
"il36ra_A-il36ra_B.42","VAL","A",45,"-",2.72,0.5,3.23
"il36ra_A-il36ra_B.43","PRO","A",46,"-",45.65,0.35,46
"il36ra_A-il36ra_B.45","ARG","A",48,"-",1.11,4.46,5.57
"il36ra_A-il36ra_B.49","ALA","A",52,"-",2.25,0,2.25
"il36ra_A-il36ra_B.54","VAL","A",57,"-",1.98,0,1.98
"il36ra_A-il36ra_B.86","TYR","A",89,"-",0.89,5.63,6.52
"il36ra_A-il36ra_B.99","ARG","A",102,"-",1.61,14.22,15.83
"il36ra_A-il36ra_B.101","ASP","A",104,"-",0,0.42,0.41
"il36ra_A-il36ra_B.104","LEU","A",107,"-",31.28,0,31.29
"il36ra_A-il36ra_B.123","GLU","A",126,"-",4.99,20.6,25.59
"il36ra_A-il36ra_B.125","ASP","A",128,"-",1.85,4.62,6.47
"il36ra_A-il36ra_B.126","GLN","A",129,"-",2.9,15.58,18.47
"il36ra_A-il36ra_B.127","PRO","A",130,"-",15.04,0.11,15.15
"il36ra_A-il36ra_B.129","ARG","A",132,"-",0.23,6.98,7.21
"il36ra_A-il36ra_B.139","TRP","A",142,"-",24.4,0,24.4
"il36ra_A-il36ra_B.147","TYR","A",150,"-",9.77,2.62,12.39
"il36ra_A-il36ra_B.148","PHE","A",151,"-",0.37,0.01,0.37
"il36ra_A-il36ra_B.149","GLN","A",152,"-",0.19,1.76,1.95
"il36ra_A-il36ra_B.150","GLN","A",153,"-",0,1.61,1.62
"il36ra_A-il36ra_B.151","CYS","A",154,"-",0,1.26,1.26
"il36ra_A-il36ra_B.157","ILE","B",25,"-",14.54,0,14.54
"il36ra_A-il36ra_B.158","PHE","B",26,"-",0.15,2.31,2.46
"il36ra_A-il36ra_B.159","MET","B",27,"-",10.18,0.34,10.52
"il36ra_A-il36ra_B.160","LYS","B",28,"-",62.55,18.88,81.42
"il36ra_A-il36ra_B.161","ASN","B",29,"-",13.05,43.07,56.12
"il36ra_A-il36ra_B.162","GLU","B",30,"-",3.82,10.11,13.93
"il36ra_A-il36ra_B.163","ILE","B",31,"-",29.53,0.82,30.35
"il36ra_A-il36ra_B.164","LEU","B",32,"-",7.29,0.61,7.91
"il36ra_A-il36ra_B.176","PHE","B",44,"-",18.79,2.9,21.69
"il36ra_A-il36ra_B.177","PRO","B",45,"-",4.97,0.18,5.13
"il36ra_A-il36ra_B.178","PRO","B",46,"-",58.88,0.59,59.47
"il36ra_A-il36ra_B.261","SER","B",129,"-",0.63,3.2,3.84
"il36ra_A-il36ra_B.262","ASP","B",130,"-",0.06,0.01,0.07
"il36ra_A-il36ra_B.263","GLU","B",131,"-",0.03,1.56,1.59
"il36ra_A-il36ra_B.264","TYR","B",132,"-",45.25,13.63,58.88
"il36ra_A-il36ra_B.265","LYS","B",133,"-",6.02,7.41,13.42
"il36ra_A-il36ra_B.266","GLN","B",134,"-",4.78,1.45,6.24
"il36ra_A-il36ra_B.267","ILE","B",135,"-",17.89,5.21,23.1
"il36ra_A-il36ra_B.268","LEU","B",136,"-",5.96,0.12,6.08
"il36ra_A-il36ra_B.269","HIS","B",137,"-",16.47,6.82,23.29
"il36ra_A-il36ra_B.270","LEU","B",138,"-",0,0.04,0.04
"il36ra_A-il36ra_B.272","LYS","B",140,"-",4.81,0,4.81
"il36ra_A-il36ra_B.274","ASP","B",142,"-",0.02,1.11,1.12
"il36ra_A-il36ra_B.275","SER","B",143,"-",0.06,1.46,1.51
"il36ra_A-il36ra_B.276","LEU","B",144,"-",0.54,0,0.55
"il36ra_A-il36ra_B.277","THR","B",145,"-",0,0.13,0.14
"il36ra_A-il36ra_B.278","CYS","B",146,"-",0.01,0.26,0.26
"il36ra_A-il36ra_B.279","HIS","B",147,"-",23.19,10.55,33.75
"il36ra_A-il36ra_B.286","CYS","B",154,"-",8.72,5.71,14.43
"il36ra_A-il36ra_B.288","LEU","B",156,"-",3.21,0,3.2
"il36ra_A-il36ra_B.309","GLU","B",177,"-",1.55,8.46,10.01
"il36ra_A-il36ra_B.342","ASN","B",210,"-",0,0.12,0.12
"il36ra_A-il36ra_B.349","THR","B",217,"-",1.18,0,1.18
"il36ra_A-il36ra_B.351","ARG","B",219,"-",1.08,0,1.08
"il36ra_A-il36ra_B.352","ALA","B",220,"-",0.63,0.19,0.81
"il36ra_A-il36ra_B.386","THR","B",254,"-",0.01,0,0.01
"il36ra_A-il36ra_B.387","LYS","B",255,"-",23.15,6.3,29.45
"il36ra_A-il36ra_B.388","ASP","B",256,"-",25.57,29.24,54.81
"il36ra_A-il36ra_B.389","ASN","B",257,"-",28.8,69.9,98.7
"il36ra_A-il36ra_B.390","THR","B",258,"-",0.95,0.17,1.12
"il36ra_A-il36ra_B.392","LEU","B",260,"-",20.24,0,20.24
"il36ra_A-il36ra_B.396","ARG","B",264,"-",0,0.2,0.21
"il36ra_A-il36ra_B.401","LEU","B",269,"-",4.45,0,4.44
"il36ra_A-il36ra_B.408","GLU","B",276,"-",0,0.47,0.47
"il36ra_A-il36ra_B.410","LYS","B",278,"-",0.27,3.02,3.28
"il36ra_A-il36ra_B.423","ARG","B",291,"-",0,1.3,1.29
"il36ra_A-il36ra_B.424","GLU","B",292,"-",0.16,1.1,1.26
